"Carimbo de data/hora","Nessa seção buscamos avaliar algumas das muitas telas que produzimos, convidamos assim a você visitar nosso figma para que possa ter contato com toda a prototipação e deixar sua opinião para nosso time. Você pode já deixar sua critica ou seguir com o formulário : )
As respostas são totalmente anônimas.","Tendo em vista o sigaa atual a esquerda e o sigaa remasterizado a direita, julgue na sua opnião, qual dos modelos é mais agrável visualmente.","Tendo em vista a facilidade de encontrar botões e saber sua funcionalidade. Julgue as telas de menu no tema light e dark. [Facilidade em encontrar botões tema light]","Tendo em vista a facilidade de encontrar botões e saber sua funcionalidade. Julgue as telas de menu no tema light e dark. [Facilidade em encontrar botões tema dark]","Tendo em vista a facilidade de encontrar botões e saber sua funcionalidade. Julgue as telas de menu no tema light e dark. [Facilidade em saber funcionalidade dos botões]","Avalie a disposição de informação de estrutura curricular dessa maneira. Considere os aspectos de clareza e simplicidade.","Avalie a segurança de retirar a disciplina por meio de uma dupla confirmação.","Avalie a maneira na qual o sistema retorna o status de instabilidade.","Tendo as tela de turma como referência compare a tela remasterizada (direita) sobre a tela atual (esquerda) [Organização]","Tendo as tela de turma como referência compare a tela remasterizada (direita) sobre a tela atual (esquerda) [Intuitividade (facilidade em acessar os elementos)]","Tendo as tela de turma como referência compare a tela remasterizada (direita) sobre a tela atual (esquerda) [Minimalismo (disposição de apenas elementos necessários)]","Eai, no geral a remasterização ficou ou não ficou melhor que o design atual ?"
"2022/09/10 8:29:05 AM GMT-3","","5","Ótima","Ótima","Ótima","5","5","5","Superior","Superior","Superior","5"
"2022/09/10 8:41:08 AM GMT-3","","5","Ótima","Boa","Boa","5","5","4","Superior","Superior","Superior","5"
"2022/09/10 8:46:16 AM GMT-3","","5","Ótima","Boa","Ótima","5","5","5","Superior","Superior","Superior","5"
"2022/09/10 9:05:19 AM GMT-3","","5","Ótima","Ótima","Ótima","5","5","5","Superior","Superior","Superior","5"
"2022/09/10 9:41:09 AM GMT-3","","5","Ótima","Boa","Ótima","4","5","5","Superior","Superior","Superior","5"
"2022/09/10 9:55:53 AM GMT-3","","5","Razoavel","Ótima","Boa","5","5","5","Superior","Superior","Superior","5"
"2022/09/10 10:02:25 AM GMT-3","","5","Ótima","Boa","Ótima","4","5","3","Superior","Superior","Superior","5"
"2022/09/10 10:39:51 AM GMT-3","","5","Ótima","Ótima","Ótima","5","5","5","Superior","Superior","Superior","5"
"2022/09/10 11:09:35 AM GMT-3","","5","Ótima","Boa","Ótima","4","5","5","Superior","Superior","Superior","5"
"2022/09/10 11:49:25 AM GMT-3","","5","Ótima","Boa","Ótima","5","5","5","Superior","Superior","Superior","5"
"2022/09/10 11:58:42 AM GMT-3","","5","Boa","Razoavel","Boa","5","5","5","Superior","Superior","Superior","5"
"2022/09/10 12:02:20 PM GMT-3","","5","Boa","Boa","Boa","4","5","5","Superior","Superior","Superior","5"
"2022/09/10 12:08:24 PM GMT-3","","5","Ótima","Ótima","Ótima","5","5","4","Superior","Superior","Superior","5"
"2022/09/10 12:24:51 PM GMT-3","","5","Razoavel","Ótima","Ótima","4","5","4","Equivalente","Superior","Superior","5"
"2022/09/10 12:30:05 PM GMT-3","","5","Ótima","Razoavel","Ótima","5","5","5","Superior","Superior","Superior","5"
"2022/09/10 12:45:04 PM GMT-3","","5","Razoavel","Boa","Boa","3","5","5","Superior","Superior","Superior","5"
"2022/09/10 1:01:45 PM GMT-3","","5","Ótima","Ótima","Ótima","5","5","5","Superior","Superior","Superior","5"
"2022/09/10 2:42:39 PM GMT-3","","5","Ótima","Ótima","Ótima","5","4","5","Equivalente","Equivalente","Superior","5"
"2022/09/10 2:45:18 PM GMT-3","","4","Razoavel","Péssima","Boa","3","5","4","Superior","Equivalente","Equivalente","4"
"2022/09/10 2:47:32 PM GMT-3","","5","Ótima","Ótima","Ótima","3","5","5","Superior","Superior","Superior","5"
"2022/09/10 2:57:30 PM GMT-3","","5","Ótima","Razoavel","Ótima","5","5","5","Superior","Superior","Superior","5"
"2022/09/10 3:01:41 PM GMT-3","pika","5","Ótima","Boa","Ótima","5","5","5","Superior","Superior","Superior","5"
"2022/09/10 3:31:58 PM GMT-3","","5","Boa","Boa","Boa","4","5","4","Equivalente","Equivalente","Superior","4"
"2022/09/10 4:40:42 PM GMT-3","","5","Ótima","Ótima","Ótima","5","5","5","Superior","Superior","Superior","5"
"2022/09/10 7:51:22 PM GMT-3","","5","Ótima","Boa","Ótima","3","5","5","Superior","Superior","Superior","5"
"2022/09/10 8:00:48 PM GMT-3","","4","Ótima","Razoavel","Ótima","4","2","5","Superior","Superior","Superior","4"
"2022/09/11 1:21:24 AM GMT-3","","5","Boa","Boa","Ótima","4","4","4","Superior","Equivalente","Equivalente","5"
"2022/09/11 9:21:16 AM GMT-3","","5","Ótima","Razoavel","Ótima","5","4","5","Superior","Superior","Superior","5"
"2022/09/11 12:16:08 PM GMT-3","","5","Ótima","Ótima","Ótima","5","5","5","Superior","Equivalente","Superior","5"
"2022/09/11 7:38:57 PM GMT-3","","5","Ótima","Ótima","Ótima","5","5","5","Superior","Superior","Superior","5"
"2022/09/11 7:41:33 PM GMT-3","","4","Ótima","Ótima","Ótima","5","5","5","Superior","Superior","Superior","5"
"2022/09/11 7:59:11 PM GMT-3","","4","Ótima","Razoavel","Ótima","5","4","5","Superior","Superior","Superior","4"
"2022/09/11 8:08:07 PM GMT-3","","5","Ótima","Boa","Ótima","5","5","5","Superior","Superior","Superior","5"
"2022/09/11 8:55:10 PM GMT-3","","5","Ótima","Boa","Ótima","5","5","5","Superior","Superior","Superior","5"
"2022/09/11 9:16:09 PM GMT-3","","5","Ótima","Ótima","Ótima","3","5","5","Superior","Superior","Superior","5"
"2022/09/11 9:28:54 PM GMT-3","","5","Ótima","Boa","Boa","4","5","5","Superior","Superior","Superior","5"
"2022/09/11 10:42:14 PM GMT-3","","5","Boa","Boa","Boa","5","5","3","Superior","Equivalente","Inferior","4"
"2022/09/12 7:22:14 AM GMT-3","","5","Ótima","Ruim","Boa","4","2","3","Superior","Superior","Superior","3"
"2022/09/12 4:15:46 PM GMT-3","","4","Ótima","Boa","Razoavel","2","3","3","Superior","Superior","Superior","4"