"Carimbo de data/hora","Você já utilizou o sigaa mobile ?","Nos seus primeiros acessos você encontrava com facilidade as funcionalidades e documentações dispostas no sigaa web mobile ? ","Suas necessidades de interação com o sigaa web são atendidas pelo sigaa web mobile ?","A plataforma sigaa web mobile te fornece status a respeito de sua visibilidade ? Ou seja te informa de maneira clara quando está inoperante ou fornece uma previsão de quando pretende voltar ?","Você considera a atual interface do sigaa web mobile minimalista e responsiva ? Ou seja possuindo apenas informações necessárias para realização de atividades e se adaptando a diferentes tamanhos de tela.","Classifique os seguintes pontos sobre o Sigaa Web Mobile  [Aparência]","Classifique os seguintes pontos sobre o Sigaa Web Mobile  [Facilidade de uso]","Classifique os seguintes pontos sobre o Sigaa Web Mobile  [Produtividade]","Avalie os seguintes pontos [Incremento de funcionalidades]","Avalie os seguintes pontos [Organização da interface]","Avalie os seguintes pontos [Informações do perfil]","Possui alguma crítica ou sugestão em relação ao sigaa web mobile ? Diga para nós"
"2022/07/13 3:50:39 PM GMT-3","","1","1","1","1","Péssima","Razoavel","Razoavel","Ótima","Ótima","Ótima",""
"2022/07/13 3:55:14 PM GMT-3","","5","1","1","1","Péssima","Péssima","Péssima","Ótima","Ótima","Boa",""
"2022/07/16 9:36:22 AM GMT-3","Sim","3","2","1","1","Péssima","Boa","Ruim","Ótima","Ótima","Ruim",""
"2022/07/16 10:00:32 AM GMT-3","Sim","3","4","3","3","Razoavel","Razoavel","Razoavel","Boa","Ótima","Ótima",""
"2022/07/16 11:42:34 AM GMT-3","Sim","3","4","5","3","Ruim","Razoavel","Boa","Ótima","Ótima","Ótima","Não "
"2022/07/16 12:26:53 PM GMT-3","Sim","2","2","3","2","Péssima","Péssima","Péssima","Ótima","Ótima","Ótima",""
"2022/07/18 12:48:10 AM GMT-3","Não","","","","","","","","","","",""
"2022/07/18 12:51:22 AM GMT-3","Sim","3","2","4","1","Péssima","Razoavel","Ruim","Boa","Boa","Boa","faltaram campos relacionados aos projetos de extensão que são de extrema importância"
"2022/07/18 2:06:50 AM GMT-3","Sim","1","3","1","1","Péssima","Ruim","Razoavel","Ruim","Razoável","Razoável","O aplicativo é muito pouco intuitivo. Seria bom aplicarem uma affordance melhor"
"2022/07/18 3:28:18 PM GMT-3","Sim","3","3","3","3","Razoavel","Ruim","Ruim","Ótima","Ótima","Ótima",""
"2022/07/18 3:47:54 PM GMT-3","Sim","2","2","2","3","Razoavel","Razoavel","Ruim","Boa","Ótima","Ótima",""
"2022/07/18 3:53:22 PM GMT-3","Sim","4","2","1","4","Ruim","Boa","Ruim","Ótima","Ótima","Ótima",""
"2022/07/18 3:58:26 PM GMT-3","Sim","4","3","1","4","Ruim","Razoavel","Razoavel","Boa","Boa","Boa","Não "
"2022/07/18 5:24:49 PM GMT-3","Sim","1","2","1","1","Péssima","Péssima","Péssima","Ótima","Ótima","Ótima",""
"2022/07/18 6:22:16 PM GMT-3","Sim","3","3","3","4","Razoavel","Razoavel","Razoavel","Razoável","Razoável","Razoável",""
"2022/07/18 6:58:28 PM GMT-3","Sim","1","1","1","1","Boa","Péssima","Péssima","Ótima","Ótima","Ótima",""
"2022/07/19 9:17:48 AM GMT-3","Sim","5","4","1","5","Boa","Ótima","Boa","Ótima","Ótima","Ótima",""
"2022/07/19 9:18:01 AM GMT-3","Sim","2","3","2","3","Boa","Ruim","Péssima","Razoável","Razoável","Ruim",""
"2022/07/19 9:18:54 AM GMT-3","Não","","","","","","","","","","",""
"2022/07/19 9:19:09 AM GMT-3","Sim","2","2","1","3","Ruim","Ruim","Razoavel","Boa","Ótima","Ótima",""
"2022/07/19 9:21:44 AM GMT-3","Sim","1","2","1","2","Ruim","Razoavel","Ruim","Ótima","Ótima","Ótima","No sigaa web mobile não dá para fazer tudo que tá para fazer na versão clássica e não tem todas as funções (ou eu não achei)."
"2022/07/19 9:21:48 AM GMT-3","Sim","2","2","1","1","Ruim","Ruim","Ruim","Razoável","Ótima","Ótima","Ele precisa obrigatoriamente ter as mesmas funcionalidades do sigaa web"
"2022/07/19 9:24:47 AM GMT-3","Não","","","","","","","","","","",""
"2022/07/19 9:24:47 AM GMT-3","Sim","4","2","1","4","Razoavel","Boa","Ruim","Ótima","Ótima","Boa",""
"2022/07/19 9:35:31 AM GMT-3","Sim","4","2","1","1","Razoavel","Razoavel","Razoavel","Ótima","Ótima","Ótima","Melhorem ele por favor."
"2022/07/19 10:01:18 AM GMT-3","Sim","2","1","1","2","Péssima","Péssima","Péssima","Péssima","Péssima","Péssima",""
"2022/07/19 10:06:46 AM GMT-3","Não","","","","","","","","","","",""
"2022/07/19 10:35:35 AM GMT-3","Sim","4","5","1","5","Razoavel","Razoavel","Razoavel","Razoável","Razoável","Boa",""
"2022/07/19 10:53:30 AM GMT-3","Sim","4","2","1","3","Ruim","Ruim","Ruim","Boa","Boa","Boa",""
"2022/07/19 11:04:53 AM GMT-3","Sim","1","2","1","4","Razoavel","Ruim","Péssima","Ótima","Ótima","Boa","Facilitaria muito se o SIGAA deixasse claro qual o fluxo em que o aluno está inserido, visto que na maioria das vezes só conseguimos confirmar pela coordenação. "
"2022/07/19 11:39:33 AM GMT-3","Sim","1","1","1","3","Péssima","Boa","Ruim","Ótima","Ótima","Boa",""
"2022/07/19 11:46:26 AM GMT-3","Não","","","","","","","","","","",""
"2022/07/19 12:20:01 PM GMT-3","Sim","3","1","1","3","Razoavel","Ruim","Péssima","Ótima","Ótima","Boa",""
"2022/07/19 7:44:42 PM GMT-3","Sim","2","2","1","2","Péssima","Ruim","Ruim","Boa","Boa","Ótima",""
"2022/07/20 7:21:17 AM GMT-3","Sim","1","3","1","3","Razoavel","Ruim","Ruim","Razoável","Razoável","Razoável",""
"2022/07/20 10:58:53 AM GMT-3","Sim","2","1","2","2","Péssima","Péssima","Ruim","Boa","Boa","Ótima",""
"2022/07/20 5:54:47 PM GMT-3","Sim","3","5","3","3","Ruim","Razoavel","Razoavel","Ótima","Ótima","Ótima",""
"2022/07/20 8:04:46 PM GMT-3","Sim","3","2","1","3","Péssima","Razoavel","Razoavel","Razoável","Ruim","Ruim",""
"2022/07/21 12:52:28 PM GMT-3","Sim","1","2","1","1","Ruim","Ruim","Péssima","Ótima","Ótima","Ótima",""